season,team,run_plays,pass_plays,total_plays,odd_run,odd_throw,strength_o_line,avg_offensive_plays_per_game,strength_of_schedule
2018,ARI,333.0,563.0,896.0,0.3716518,0.62834823,32.12704,56.0,0.5097340471276229
2018,ATL,327.0,681.0,1008.0,0.32440478,0.6755952,60.390675,63.0,0.4686223447712418
2018,BAL,527.0,646.0,1173.0,0.44927537,0.5507246,61.59026,69.0,0.49673202614379086
2018,BUF,404.0,597.0,1001.0,0.4035964,0.5964036,53.941257,62.5625,0.5155121259029928
2018,CAR,372.0,626.0,998.0,0.37274548,0.6272545,70.11246,62.375,0.4936683006535948
2018,CHI,429.0,634.0,1063.0,0.4035748,0.59642524,66.348526,62.529411764705884,0.4291239199498169
2018,CIN,330.0,603.0,933.0,0.35369775,0.6463022,60.68,58.3125,0.5162377450980392
2018,CLE,373.0,643.0,1016.0,0.367126,0.632874,62.76318,63.5,0.498953227124183
2018,DAL,449.0,680.0,1129.0,0.3976971,0.6023029,38.6368,62.72222222222222,0.5028057275541795
2018,DEN,373.0,634.0,1007.0,0.37040716,0.62959284,67.80119,62.9375,0.5040244990540076
2018,DET,382.0,632.0,1014.0,0.37672585,0.62327415,57.444054,63.375,0.48905793128654973
2018,GB,291.0,730.0,1021.0,0.2850147,0.7149853,50.325428,63.8125,0.47820723684210525
2018,HOU,415.0,678.0,1093.0,0.37968892,0.6203111,28.896332,64.29411764705883,0.47716718266253866
2018,IND,404.0,762.0,1166.0,0.3464837,0.6535163,91.8102,64.77777777777777,0.48635597026334904
2018,JAX,356.0,645.0,1001.0,0.35564435,0.64435565,41.513588,62.5625,0.5401294289645683
2018,KC,390.0,720.0,1110.0,0.35135135,0.6486486,73.70062,61.666666666666664,0.4927880021404273
2018,LA,508.0,735.0,1243.0,0.40868866,0.59131134,69.57601,65.42105263157895,0.5018874585845419
2018,LAC,420.0,650.0,1070.0,0.39252338,0.60747665,64.76624,59.44444444444444,0.48530367312617056
2018,LV,368.0,610.0,978.0,0.37627813,0.6237219,38.68121,61.125,
2018,MIA,349.0,517.0,866.0,0.40300232,0.5969977,24.558413,54.125,0.46485853113175096
2018,MIN,331.0,665.0,996.0,0.3323293,0.66767067,61.79393,62.25,0.4912280701754386
2018,NE,562.0,725.0,1287.0,0.43667445,0.5633256,89.24453,67.73684210526316,0.5122469809715207
2018,NO,489.0,633.0,1122.0,0.43582886,0.56417114,82.272766,62.333333333333336,0.4938558269311623
2018,NYG,347.0,638.0,985.0,0.35228425,0.64771575,49.3446,61.5625,0.5164164624183006
2018,NYJ,378.0,580.0,958.0,0.39457202,0.605428,58.43902,59.875,0.5000147811317509
2018,PHI,411.0,727.0,1138.0,0.36115992,0.6388401,65.25153,63.22222222222222,0.5329890971983335
2018,PIT,317.0,729.0,1046.0,0.30305928,0.6969407,86.87116,65.375,0.49284593223254214
2018,SEA,514.0,529.0,1043.0,0.4928092,0.5071908,26.659733,61.35294117647059,0.4787644934134645
2018,SF,396.0,597.0,993.0,0.39879155,0.60120845,43.142384,62.0625,0.486296547127623
2018,TB,321.0,728.0,1049.0,0.30600572,0.6939943,65.32288,65.5625,0.5088337418300654
2018,TEN,411.0,519.0,930.0,0.44193548,0.5580645,33.788116,58.125,0.5104878848469212
2018,WAS,365.0,594.0,959.0,0.3806048,0.6193952,48.97035,59.9375,0.47620506535947715
2019,ARI,355.0,633.0,988.0,0.35931173,0.64068824,44.443806,61.75,0.515657249742002
2019,ATL,329.0,761.0,1090.0,0.30183485,0.6981651,56.68,68.125,0.5314770919332645
2019,BAL,558.0,576.0,1134.0,0.4920635,0.50793654,66.02571,66.70588235294117,0.49145824480462985
2019,BUF,438.0,645.0,1083.0,0.40443215,0.5955679,55.79249,63.705882352941174,0.4605743742285356
2019,CAR,357.0,716.0,1073.0,0.33271202,0.667288,42.586494,67.0625,0.5361492733058135
2019,CHI,365.0,647.0,1012.0,0.36067194,0.63932806,53.135334,63.25,0.4952418193154455
2019,CIN,362.0,675.0,1037.0,0.3490839,0.6509161,51.699203,64.8125,0.5365510513415893
2019,CLE,370.0,597.0,967.0,0.38262668,0.61737335,53.941257,60.4375,0.518047761867905
2019,DAL,420.0,641.0,1061.0,0.39585298,0.604147,84.14538,66.3125,0.46134599673202614
2019,DEN,378.0,566.0,944.0,0.40042374,0.5995763,50.477005,59.0,0.5075706269349846
2019,DET,372.0,639.0,1011.0,0.36795253,0.6320475,55.215973,63.1875,0.49822895166838665
2019,GB,405.0,709.0,1114.0,0.36355475,0.6364452,63.932884,61.888888888888886,0.47773453923479725
2019,HOU,419.0,729.0,1148.0,0.36498258,0.6350174,40.12682,63.77777777777778,0.5343997248022015
2019,IND,423.0,578.0,1001.0,0.4225774,0.57742256,66.20276,62.5625,0.4919872828517372
2019,JAX,326.0,690.0,1016.0,0.32086614,0.67913383,61.131565,63.5,0.4841747828517372
2019,KC,390.0,759.0,1149.0,0.3394256,0.66057444,78.362206,60.473684210526315,0.5243626998352434
2019,LA,380.0,666.0,1046.0,0.36328873,0.6367113,86.72298,65.375,0.519563499742002
2019,LAC,352.0,635.0,987.0,0.3566363,0.6433637,67.878975,61.6875,0.5137746710526316
2019,LV,416.0,565.0,981.0,0.4240571,0.57594293,69.91976,61.3125,
2019,MIA,300.0,714.0,1014.0,0.295858,0.70414203,42.377514,63.375,0.4689797794117647
2019,MIN,502.0,575.0,1077.0,0.46610957,0.5338904,57.92812,59.833333333333336,0.5018215132056721
2019,NE,451.0,690.0,1141.0,0.3952673,0.6047327,79.818306,67.11764705882354,0.4674378781440337
2019,NO,389.0,654.0,1043.0,0.3729626,0.6270374,77.761055,61.35294117647059,0.48940058479532167
2019,NYG,329.0,682.0,1011.0,0.32542038,0.6745796,59.12354,63.1875,0.4565206290849673
2019,NYJ,361.0,584.0,945.0,0.38201058,0.6179894,35.185875,59.0625,0.4572610294117647
2019,PHI,443.0,716.0,1159.0,0.38222605,0.61777395,60.594673,68.17647058823529,0.45684352172241444
2019,PIT,362.0,562.0,924.0,0.3917749,0.6082251,64.751114,57.75,0.48576980134158926
2019,SEA,458.0,687.0,1145.0,0.4,0.6,44.799603,63.611111111111114,0.5306886156021863
2019,SF,570.0,593.0,1163.0,0.49011177,0.50988823,55.06772,61.21052631578947,0.5264583672804302
2019,TB,361.0,711.0,1072.0,0.33675373,0.6632463,56.31063,67.0,0.4875381621947024
2019,TEN,493.0,601.0,1094.0,0.45063984,0.54936016,23.713654,57.578947368421055,0.529395922727355
2019,WAS,335.0,548.0,883.0,0.37938845,0.62061155,33.159893,55.1875,0.48633148434812523
2020,ARI,420.0,648.0,1068.0,0.39325842,0.60674155,75.97468,66.75,0.4623578323873409
2020,ATL,382.0,687.0,1069.0,0.35734332,0.6426567,62.227356,66.8125,0.5462998796009632
2020,BAL,551.0,562.0,1113.0,0.4950584,0.5049416,50.002163,61.833333333333336,0.49886767572526086
2020,BUF,396.0,791.0,1187.0,0.33361414,0.6663858,76.44005,62.473684210526315,0.5351510872123549
2020,CAR,358.0,624.0,982.0,0.36456212,0.6354379,64.057785,61.375,0.5279175266597868
2020,CHI,380.0,703.0,1083.0,0.3508772,0.64912283,68.71866,63.705882352941174,0.4944252210688197
2020,CIN,381.0,649.0,1030.0,0.3699029,0.6300971,49.075466,64.375,0.5099571078431373
2020,CLE,504.0,622.0,1126.0,0.44760212,0.55239785,77.21316,62.55555555555556,0.4686926671253297
2020,DAL,403.0,708.0,1111.0,0.36273628,0.6372637,59.955154,69.4375,0.45263991013071897
2020,DEN,405.0,616.0,1021.0,0.39666992,0.6033301,69.34818,63.8125,0.5577404755761954
2020,DET,343.0,639.0,982.0,0.34928718,0.65071285,56.65728,61.375,0.49530228758169936
2020,GB,448.0,661.0,1109.0,0.40396753,0.59603244,80.96528,61.611111111111114,0.4482570806100218
2020,HOU,272.0,660.0,932.0,0.2918455,0.7081545,47.419857,58.25,0.5175263910388717
2020,IND,467.0,621.0,1088.0,0.42922795,0.57077205,86.04723,64.0,0.44830429591857385
2020,JAX,307.0,694.0,1001.0,0.30669332,0.6933067,58.80053,62.5625,0.5273948120915033
2020,KC,400.0,831.0,1231.0,0.32493907,0.6750609,85.05137,64.78947368421052,0.5070791012619268
2020,LA,490.0,700.0,1190.0,0.4117647,0.5882353,75.08942,66.11111111111111,0.5141528589993503
2020,LAC,430.0,687.0,1117.0,0.38495973,0.6150403,71.611534,69.8125,0.47708790204678364
2020,LV,421.0,603.0,1024.0,0.4111328,0.5888672,74.42612,64.0,0.5318519951840385
2020,MIA,381.0,628.0,1009.0,0.3776016,0.62239844,67.24978,63.0625,0.4562841309769522
2020,MIN,448.0,576.0,1024.0,0.4375,0.5625,54.833126,64.0,0.4902471405228758
2020,NE,468.0,500.0,968.0,0.48347107,0.5165289,48.901985,60.5,0.5174820476436188
2020,NO,515.0,645.0,1160.0,0.44396552,0.5560345,74.35508,64.44444444444444,0.47561441730688375
2020,NYG,355.0,595.0,950.0,0.3736842,0.6263158,39.797707,59.375,0.48595792483660133
2020,NYJ,368.0,572.0,940.0,0.39148936,0.6085106,47.95657,58.75,0.5813607241142071
2020,PHI,358.0,717.0,1075.0,0.33302325,0.66697675,33.699024,67.1875,0.5190461601307189
2020,PIT,364.0,750.0,1114.0,0.32675046,0.67324954,100.0,65.52941176470588,0.4678640806167668
2020,SEA,361.0,702.0,1063.0,0.33960488,0.6603951,47.5592,62.529411764705884,0.4505630425544831
2020,SF,421.0,619.0,1040.0,0.4048077,0.5951923,59.164993,65.0,0.532670332387341
2020,TB,451.0,796.0,1247.0,0.361668,0.638332,84.79518,62.35,0.5199948400412796
2020,TEN,512.0,561.0,1073.0,0.47716683,0.52283317,74.50779,63.11764705882353,0.46913762925190716
2020,WAS,387.0,724.0,1111.0,0.34833482,0.65166515,51.04338,65.3529411764706,0.4621299500192234
2021,ARI,463.0,703.0,1166.0,0.39708406,0.60291594,63.478325,64.77777777777777,0.5039267558875402
2021,ATL,367.0,631.0,998.0,0.36773548,0.63226455,58.808945,58.705882352941174,0.46113235799995955
2021,BAL,434.0,743.0,1177.0,0.36873406,0.63126594,46.537148,69.23529411764706,0.524644367550942
2021,BUF,438.0,802.0,1240.0,0.3532258,0.6467742,83.88918,65.26315789473684,0.47830644723263266
2021,CAR,416.0,683.0,1099.0,0.37852594,0.6214741,47.072536,64.6470588235294,0.49638802889576883
2021,CHI,408.0,659.0,1067.0,0.38238052,0.6176195,36.133533,62.76470588235294,0.5124269728531248
2021,CIN,489.0,797.0,1286.0,0.38024884,0.61975116,31.679588,61.23809523809524,0.49986661331199145
2021,CLE,443.0,600.0,1043.0,0.42473635,0.5752637,41.977657,61.35294117647059,0.5000109847860713
2021,DAL,455.0,757.0,1212.0,0.37541255,0.6245875,70.95983,67.33333333333333,0.4833467110040897
2021,DEN,427.0,605.0,1032.0,0.41375968,0.5862403,56.299927,60.705882352941174,0.4724776184983797
2021,DET,413.0,643.0,1056.0,0.3910985,0.6089015,65.62784,62.11764705882353,0.5211786675454496
2021,GB,425.0,680.0,1105.0,0.3846154,0.61538464,65.72473,61.388888888888886,0.4825656188401286
2021,HOU,393.0,613.0,1006.0,0.39065605,0.60934395,51.084877,59.1764705882353,0.49269627355586193
2021,IND,461.0,583.0,1044.0,0.44157088,0.5584291,66.64005,61.411764705882355,0.48567468266976555
2021,JAX,354.0,670.0,1024.0,0.34570312,0.6542969,73.20424,60.23529411764706,0.508349593707452
2021,KC,424.0,897.0,1321.0,0.32096896,0.679031,79.15987,66.05,0.5319254017396432
2021,LA,504.0,805.0,1309.0,0.38502672,0.61497325,73.662445,62.333333333333336,0.504073442242394
2021,LAC,375.0,748.0,1123.0,0.33392698,0.666073,79.022446,66.05882352941177,0.4982369418355578
2021,LV,399.0,743.0,1142.0,0.34938705,0.65061295,63.890923,63.44444444444444,0.5103952692187986
2021,MIA,397.0,688.0,1085.0,0.3658986,0.6341014,63.645893,63.8235294117647,0.45213379469434833
2021,MIN,428.0,648.0,1076.0,0.3977695,0.6022305,74.55339,63.294117647058826,0.4963805129895095
2021,NE,476.0,621.0,1097.0,0.43391067,0.56608933,71.21648,60.94444444444444,0.48171081298016283
2021,NO,459.0,581.0,1040.0,0.44134617,0.55865383,58.540142,61.1764705882353,0.4971569639207592
2021,NYG,379.0,663.0,1042.0,0.3637236,0.63627636,64.325325,61.294117647058826,0.5276463939548988
2021,NYJ,356.0,680.0,1036.0,0.34362933,0.65637064,45.408787,60.94117647058823,0.5025814247267535
2021,PHI,502.0,628.0,1130.0,0.44424778,0.5557522,68.795845,62.77777777777778,0.47471811336620423
2021,PIT,410.0,756.0,1166.0,0.3516295,0.6483705,68.4622,64.77777777777777,0.5249673748641757
2021,SEA,378.0,569.0,947.0,0.39915523,0.6008448,42.735703,55.705882352941174,0.5127807985939473
2021,SF,553.0,643.0,1196.0,0.46237457,0.53762543,64.19551,59.8,0.52906162464986
2021,TB,402.0,861.0,1263.0,0.3182898,0.68171024,85.10158,66.47368421052632,0.48117455661858466
2021,TEN,544.0,628.0,1172.0,0.4641638,0.53583616,46.797688,65.11111111111111,0.47596851606139534
2021,WAS,430.0,636.0,1066.0,0.40337712,0.5966229,54.82557,62.705882352941174,0.5140209231267326
2022,ARI,389.0,753.0,1142.0,0.34063047,0.6593695,60.92949,67.17647058823529,0.5184352172241445
2022,ATL,512.0,488.0,1000.0,0.512,0.488,47.362667,58.8235294117647,0.4559734110362411
2022,BAL,500.0,596.0,1096.0,0.45620438,0.54379565,55.380417,60.888888888888886,0.5155276535565494
2022,BUF,398.0,753.0,1151.0,0.34578627,0.6542137,67.04495,63.94444444444444,0.4973808431754768
2022,CAR,461.0,510.0,971.0,0.47476828,0.5252317,52.180767,57.11764705882353,0.4646340476335013
2022,CHI,476.0,509.0,985.0,0.48324874,0.5167513,12.246025,57.94117647058823,0.554348529917643
2022,CIN,407.0,812.0,1219.0,0.33388022,0.66611975,55.943726,64.15789473684211,0.5360454800572122
2022,CLE,484.0,615.0,1099.0,0.44040036,0.55959964,51.29986,64.6470588235294,0.5109472065399947
2022,DAL,551.0,677.0,1228.0,0.44869706,0.5513029,77.74025,64.63157894736842,0.5006418264443359
2022,DEN,407.0,663.0,1070.0,0.38037384,0.61962616,29.676945,62.94117647058823,0.47207855278334243
2022,DET,454.0,627.0,1081.0,0.4199815,0.5800185,81.938614,63.588235294117645,0.518699285699832
2022,GB,428.0,608.0,1036.0,0.41312742,0.5868726,68.71866,60.94117647058823,0.5086930128088387
2022,HOU,370.0,641.0,1011.0,0.36597428,0.6340257,62.593353,59.470588235294116,0.4687478500171998
2022,IND,411.0,689.0,1100.0,0.37363636,0.62636364,36.989517,64.70588235294117,0.4991207835043202
2022,JAX,452.0,744.0,1196.0,0.3779264,0.6220736,77.579346,62.94736842105263,0.4780565965998587
2022,KC,423.0,844.0,1267.0,0.3338595,0.6661405,85.546425,63.35,0.47783539731682145
2022,LA,376.0,611.0,987.0,0.3809524,0.61904764,28.25827,58.05882352941177,0.5079716303446042
2022,LAC,385.0,820.0,1205.0,0.3195021,0.68049794,70.019165,66.94444444444444,0.44295665634674924
2022,LV,399.0,649.0,1048.0,0.3807252,0.6192748,67.52364,61.64705882352941,0.46708047512090495
2022,MIA,375.0,690.0,1065.0,0.35211268,0.64788735,65.135864,59.166666666666664,0.5395740167411994
2022,MIN,396.0,774.0,1170.0,0.33846155,0.6615385,61.266075,65.0,0.4668252876199212
2022,NE,382.0,604.0,986.0,0.38742393,0.61257607,54.674294,58.0,0.4902871365264372
2022,NO,441.0,564.0,1005.0,0.43880597,0.561194,55.139317,59.11764705882353,0.49553511807199657
2022,NYG,484.0,709.0,1193.0,0.4056999,0.5943001,43.14891,62.78947368421053,0.5340883167671501
2022,NYJ,375.0,688.0,1063.0,0.35277516,0.64722484,60.9686,62.529411764705884,0.5264372002671037
2022,PHI,594.0,720.0,1314.0,0.4520548,0.5479452,55.79249,65.7,0.49567767457860334
2022,PIT,459.0,642.0,1101.0,0.41689372,0.5831063,62.6784,64.76470588235294,0.5080252534450312
2022,SEA,402.0,695.0,1097.0,0.36645398,0.63354605,52.258717,60.94444444444444,0.47270381836945297
2022,SF,559.0,643.0,1202.0,0.46505824,0.5349418,64.19551,60.1,0.44612229102167184
2022,TB,378.0,850.0,1228.0,0.30781758,0.6921824,91.18739,68.22222222222223,0.5095879677407025
2022,TEN,450.0,529.0,979.0,0.4596527,0.5403473,31.882746,57.588235294117645,0.4938292964244521
2022,WAS,500.0,635.0,1135.0,0.44052863,0.55947137,47.573685,66.76470588235294,0.5201835326493859
2023,ARI,436.0,635.0,1071.0,0.40709618,0.59290385,56.27595,63.0,0.5453732370141039
2023,ATL,481.0,602.0,1083.0,0.44413665,0.5558633,55.99648,63.705882352941174,0.42762702604261515
2023,BAL,503.0,684.0,1187.0,0.42375737,0.5762426,52.56095,62.473684210526315,0.5421890639912474
2023,BUF,505.0,732.0,1237.0,0.40824574,0.59175426,84.47906,65.10526315789474,0.4835217558861033
2023,CAR,411.0,683.0,1094.0,0.37568554,0.6243144,29.54271,64.3529411764706,0.5166312551852527
2023,CHI,468.0,621.0,1089.0,0.42975205,0.57024795,43.038048,64.05882352941177,0.4642693816432662
2023,CIN,337.0,695.0,1032.0,0.3265504,0.67344964,50.93355,60.705882352941174,0.5632717896240024
2023,CLE,503.0,748.0,1251.0,0.40207833,0.59792167,56.85959,69.5,0.5293142988189428
2023,DAL,441.0,754.0,1195.0,0.36903766,0.6309624,63.447044,66.38888888888889,0.44148797920727745
2023,DEN,399.0,603.0,1002.0,0.39820358,0.6017964,37.769806,58.94117647058823,0.4895841102178745
2023,DET,544.0,764.0,1308.0,0.41590214,0.58409786,71.383415,65.4,0.49746007174799745
2023,GB,463.0,693.0,1156.0,0.40051904,0.599481,77.32212,60.8421052631579,0.4953945751892631
2023,HOU,448.0,717.0,1165.0,0.38454935,0.6154506,56.820095,61.31578947368421,0.48985208118335055
2023,IND,439.0,648.0,1087.0,0.40386385,0.59613615,58.91931,63.94117647058823,0.4824763754831138
2023,JAX,391.0,711.0,1102.0,0.35480943,0.64519054,64.0079,64.82352941176471,0.5286191256688434
2023,KC,440.0,882.0,1322.0,0.33282906,0.66717094,82.73301,62.95238095238095,0.5123642439431914
2023,LA,468.0,678.0,1146.0,0.40837696,0.591623,68.289696,63.666666666666664,0.5285269273401368
2023,LAC,381.0,715.0,1096.0,0.34762773,0.65237224,61.803616,64.47058823529412,0.5298216706703321
2023,LV,391.0,606.0,997.0,0.39217654,0.6078235,56.400406,58.64705882352941,0.4903226925445101
2023,MIA,438.0,657.0,1095.0,0.4,0.6,70.93205,60.833333333333336,0.46081025002593634
2023,MIN,354.0,709.0,1063.0,0.33301976,0.66698027,56.138897,62.529411764705884,0.5089060598439582
2023,NE,389.0,627.0,1016.0,0.382874,0.617126,46.68542,59.76470588235294,0.5140518539717229
2023,NO,447.0,655.0,1102.0,0.40562615,0.5943739,67.97862,64.82352941176471,0.429164896092596
2023,NYG,381.0,668.0,1049.0,0.36320305,0.63679695,0.0,61.705882352941174,0.49779234707298814
2023,NYJ,354.0,695.0,1049.0,0.33746424,0.6625357,32.38125,61.705882352941174,0.4925520259703469
2023,PHI,466.0,692.0,1158.0,0.40241796,0.59758204,61.29359,64.33333333333333,0.47769423558897245
2023,PIT,463.0,607.0,1070.0,0.4327103,0.5672897,61.0524,59.44444444444444,0.5349711424530825
2023,SEA,348.0,636.0,984.0,0.35365853,0.64634144,62.07746,57.88235294117647,0.4971306582488517
2023,SF,532.0,660.0,1192.0,0.44630873,0.55369127,64.16513,59.6,0.5173775124084722
2023,TB,427.0,731.0,1158.0,0.36873922,0.6312608,56.716423,60.94736842105263,0.4953687107345246
2023,TEN,408.0,576.0,984.0,0.41463414,0.58536583,14.859611,57.88235294117647,0.5134260102389769
2023,WAS,323.0,737.0,1060.0,0.30471697,0.695283,35.964767,62.35294117647059,0.49797446326311745
2024,ARI,418.0,613.0,1031.0,0.40543163,0.5945684,72.118904,60.64705882352941,0.5242244885570327
2024,ATL,477.0,596.0,1073.0,0.444548,0.555452,67.74269,63.11764705882353,0.5062640742571539
2024,BAL,566.0,601.0,1167.0,0.48500428,0.5149957,75.81623,61.421052631578945,0.5321196437947293
2024,BUF,529.0,673.0,1202.0,0.44009984,0.55990016,91.19061,60.1,0.4954661162710698
2024,CAR,359.0,628.0,987.0,0.36372846,0.63627154,64.39622,58.05882352941177,0.49011643873235566
2024,CHI,369.0,690.0,1059.0,0.34844193,0.6515581,26.427608,62.294117647058826,0.5368157995912503
2024,CIN,346.0,723.0,1069.0,0.323667,0.676333,56.04726,62.88235294117647,0.466805566395805
2024,CLE,351.0,770.0,1121.0,0.3131133,0.6868867,38.249825,65.94117647058823,0.5256290958075697
2024,DAL,408.0,687.0,1095.0,0.37260273,0.62739724,66.249146,64.41176470588235,0.5172044875741835
2024,DEN,407.0,673.0,1080.0,0.37685186,0.62314814,81.61123,60.0,0.5030988418759317
2024,DET,524.0,640.0,1164.0,0.45017183,0.5498282,66.82518,64.66666666666667,0.5130747620685701
2024,GB,520.0,561.0,1081.0,0.48103607,0.51896393,77.791176,60.05555555555556,0.5411923053821919
2024,HOU,436.0,742.0,1178.0,0.37011886,0.62988114,36.51212,62.0,0.4967437944706969
2024,IND,465.0,569.0,1034.0,0.44970986,0.5502901,65.39625,60.8235294117647,0.44325563042554483
2024,JAX,380.0,611.0,991.0,0.38345107,0.61654896,68.956665,58.294117647058826,0.46983881271806965
2024,KC,438.0,790.0,1228.0,0.35667753,0.64332247,56.569695,61.4,0.5115963929431422
2024,LA,472.0,675.0,1147.0,0.4115083,0.58849174,65.3435,60.36842105263158,0.5321760283060593
2024,LAC,429.0,623.0,1052.0,0.40779468,0.59220535,46.232723,58.44444444444444,0.46127928754347747
2024,LV,351.0,703.0,1054.0,0.33301708,0.66698295,51.68756,62.0,0.5222465043809061
2024,MIA,416.0,660.0,1076.0,0.3866171,0.6133829,57.18794,63.294117647058826,0.4137477488415387
2024,MIN,423.0,677.0,1100.0,0.38454545,0.61545455,38.288708,61.111111111111114,0.4694033558842641
2024,NE,382.0,639.0,1021.0,0.374143,0.625857,42.244293,60.05882352941177,0.46565086302838987
2024,NO,408.0,618.0,1026.0,0.39766082,0.6023392,62.051647,60.35294117647059,0.4943759340681577
2024,NYG,382.0,669.0,1051.0,0.36346337,0.63653666,51.111824,61.8235294117647,0.5490849384129296
2024,NYJ,343.0,671.0,1014.0,0.3382643,0.6617357,62.289284,59.64705882352941,0.4854509399218924
2024,PHI,691.0,650.0,1341.0,0.5152871,0.4847129,35.011185,63.857142857142854,0.4905671040345963
2024,PIT,488.0,622.0,1110.0,0.43963963,0.5603604,38.71519,61.666666666666664,0.5053905187806117
2024,SEA,345.0,673.0,1018.0,0.3388998,0.6611002,43.293674,59.88235294117647,0.4867004593375017
2024,SF,402.0,612.0,1014.0,0.3964497,0.6035503,63.015938,59.64705882352941,0.5505412897873287
2024,TB,450.0,678.0,1128.0,0.39893618,0.60106385,61.497734,62.666666666666664,0.5047483905843039
2024,TEN,415.0,615.0,1030.0,0.40291262,0.5970874,39.319504,60.588235294117645,0.5103836581072058
2024,WAS,521.0,787.0,1308.0,0.39831805,0.60168195,53.9981,65.4,0.4818996019460416
